{
  "project_info": {
    "project_number": "843872349756",
    "project_id": "-tamanna-dev",
    "storage_bucket": "-tamanna-dev.appspot.com"
  },
  "client": [
    {
      "client_info": {
        "mobilesdk_app_id": "1:843872349756:android:6631238400a91b6c135d39",
        "android_client_info": {
          "package_name": "com.tamanna.basearchitecture"
        }
      },
      "oauth_client": [
        {
          "client_id": "843872349756-4q5ip9881nuelkrt220niru6incu16mu.apps.googleusercontent.com",
          "client_type": 3
        }
      ],
      "api_key": [
        {
          "current_key": "AIzaSyArrramq2jiG513U_xhpvZ4yjth4w5kIfE"
        }
      ],
      "services": {
        "appinvite_service": {
          "other_platform_oauth_client": [
            {
              "client_id": "843872349756-4q5ip9881nuelkrt220niru6incu16mu.apps.googleusercontent.com",
              "client_type": 3
            }
          ]
        }
      }
    },
    {
      "client_info": {
        "mobilesdk_app_id": "1:843872349756:android:5c2caa61d74106ca135d39",
        "android_client_info": {
          "package_name": "com.laalsa.tamanna"
        }
      },
      "oauth_client": [
        {
          "client_id": "843872349756-5n1tugsovkq3vg33p1n8o3ujplfesam8.apps.googleusercontent.com",
          "client_type": 1,
          "android_info": {
            "package_name": "com.laalsa.tamanna",
            "certificate_hash": "accba8bcd67c6d5a958869cfee1f63c24520cacc"
          }
        },
        {
          "client_id": "843872349756-4q5ip9881nuelkrt220niru6incu16mu.apps.googleusercontent.com",
          "client_type": 3
        }
      ],
      "api_key": [
        {
          "current_key": "AIzaSyArrramq2jiG513U_xhpvZ4yjth4w5kIfE"
        }
      ],
      "services": {
        "appinvite_service": {
          "other_platform_oauth_client": [
            {
              "client_id": "843872349756-4q5ip9881nuelkrt220niru6incu16mu.apps.googleusercontent.com",
              "client_type": 3
            }
          ]
        }
      }
    },
    {
      "client_info": {
        "mobilesdk_app_id": "1:843872349756:android:87b9cdb5f312f307135d39",
        "android_client_info": {
          "package_name": "com.laalsa.tamanna.dev"
        }
      },
      "oauth_client": [
        {
          "client_id": "843872349756-0mq2uvib97vilvr646qsd9ec0t50o6ct.apps.googleusercontent.com",
          "client_type": 1,
          "android_info": {
            "package_name": "com.laalsa.tamanna.dev",
            "certificate_hash": "accba8bcd67c6d5a958869cfee1f63c24520cacc"
          }
        },
        {
          "client_id": "843872349756-4q5ip9881nuelkrt220niru6incu16mu.apps.googleusercontent.com",
          "client_type": 3
        }
      ],
      "api_key": [
        {
          "current_key": "AIzaSyArrramq2jiG513U_xhpvZ4yjth4w5kIfE"
        }
      ],
      "services": {
        "appinvite_service": {
          "other_platform_oauth_client": [
            {
              "client_id": "843872349756-4q5ip9881nuelkrt220niru6incu16mu.apps.googleusercontent.com",
              "client_type": 3
            }
          ]
        }
      }
    }
  ],
  "configuration_version": "1"
}